machine_id,event_timestamp,temperature,vibration,current,failure
machine_01,2024-01-01 00:00:00,61.021,3.086,9.262,0
machine_01,2024-01-01 01:00:00,62.64,2.92,9.401,0
machine_01,2024-01-01 02:00:00,62.431,2.847,9.566,0
machine_01,2024-01-01 03:00:00,63.47,3.099,9.957,0
machine_01,2024-01-01 04:00:00,61.927,2.822,9.335,0
machine_01,2024-01-01 05:00:00,64.998,2.941,9.322,0
machine_01,2024-01-01 06:00:00,64.041,3.199,10.013,0
machine_01,2024-01-01 07:00:00,63.204,3.011,9.851,0
machine_01,2024-01-01 08:00:00,63.187,3.179,9.775,0
machine_01,2024-01-01 09:00:00,64.002,2.538,9.582,0
machine_01,2024-01-01 10:00:00,61.462,2.893,10.489,0
machine_01,2024-01-01 11:00:00,64.676,2.471,9.574,0
machine_01,2024-01-01 12:00:00,63.912,3.189,10.138,1
machine_01,2024-01-01 13:00:00,61.815,3.233,9.646,0
machine_01,2024-01-01 14:00:00,60.473,2.7,9.99,0
machine_01,2024-01-01 15:00:00,64.121,2.847,9.821,0
machine_01,2024-01-01 16:00:00,62.121,3.113,9.411,1
machine_01,2024-01-01 17:00:00,61.976,2.617,9.985,1
machine_01,2024-01-01 18:00:00,62.765,3.12,9.965,0
machine_01,2024-01-01 19:00:00,62.543,2.849,9.702,0
machine_01,2024-01-01 20:00:00,59.845,2.579,9.243,0
machine_01,2024-01-01 21:00:00,60.929,2.862,10.391,0
machine_01,2024-01-01 22:00:00,64.215,2.696,9.639,1
machine_01,2024-01-01 23:00:00,62.061,3.228,8.878,0
machine_01,2024-01-02 00:00:00,63.215,2.797,9.019,0
machine_01,2024-01-02 01:00:00,61.681,3.045,9.753,0
machine_01,2024-01-02 02:00:00,62.261,2.669,9.831,1
machine_01,2024-01-02 03:00:00,65.458,3.226,9.92,1
machine_01,2024-01-02 04:00:00,60.362,2.784,9.278,0
machine_01,2024-01-02 05:00:00,59.986,3.166,9.63,0
machine_01,2024-01-02 06:00:00,60.708,3.07,10.161,0
machine_01,2024-01-02 07:00:00,68.567,3.1,9.247,0
machine_01,2024-01-02 08:00:00,63.275,2.732,9.534,0
machine_01,2024-01-02 09:00:00,62.458,3.295,9.82,1
machine_01,2024-01-02 10:00:00,60.668,2.473,9.498,0
machine_01,2024-01-02 11:00:00,63.301,3.506,9.807,1
machine_01,2024-01-02 12:00:00,61.741,2.62,9.259,0
machine_01,2024-01-02 13:00:00,66.996,2.729,10.161,0
machine_01,2024-01-02 14:00:00,64.603,3.091,9.663,0
machine_01,2024-01-02 15:00:00,61.43,3.109,9.514,0
machine_01,2024-01-02 16:00:00,60.184,3.027,10.531,0
machine_01,2024-01-02 17:00:00,62.502,3.061,10.395,0
machine_01,2024-01-02 18:00:00,61.918,3.308,9.956,0
machine_01,2024-01-02 19:00:00,63.106,2.608,9.058,1
machine_01,2024-01-02 20:00:00,66.187,2.922,9.55,0
machine_01,2024-01-02 21:00:00,60.525,2.707,10.063,0
machine_01,2024-01-02 22:00:00,62.729,2.927,9.91,0
machine_01,2024-01-02 23:00:00,62.921,3.169,8.717,0
machine_01,2024-01-03 00:00:00,61.053,2.61,9.303,0
machine_01,2024-01-03 01:00:00,64.571,2.578,9.757,1
machine_01,2024-01-03 02:00:00,63.717,2.83,9.578,0
machine_01,2024-01-03 03:00:00,63.816,3.377,9.664,0
machine_01,2024-01-03 04:00:00,62.292,3.048,9.83,1
machine_01,2024-01-03 05:00:00,62.921,3.044,11.0,0
machine_01,2024-01-03 06:00:00,61.033,2.889,9.01,0
machine_01,2024-01-03 07:00:00,63.371,3.337,9.377,0
machine_01,2024-01-03 08:00:00,58.445,2.927,9.21,0
machine_01,2024-01-03 09:00:00,67.162,2.817,9.303,0
machine_01,2024-01-03 10:00:00,59.224,2.536,10.806,0
machine_01,2024-01-03 11:00:00,60.546,3.527,11.194,1
machine_01,2024-01-03 12:00:00,62.003,3.078,10.606,0
machine_01,2024-01-03 13:00:00,62.249,3.209,9.959,0
machine_01,2024-01-03 14:00:00,62.472,2.563,9.623,1
machine_01,2024-01-03 15:00:00,63.204,2.809,9.977,0
machine_01,2024-01-03 16:00:00,63.05,3.081,9.768,0
machine_01,2024-01-03 17:00:00,61.296,3.071,9.693,0
machine_01,2024-01-03 18:00:00,65.886,3.091,9.36,0
machine_01,2024-01-03 19:00:00,63.262,2.642,10.337,1
machine_01,2024-01-03 20:00:00,63.7,2.452,10.205,0
machine_01,2024-01-03 21:00:00,60.519,2.834,9.873,0
machine_01,2024-01-03 22:00:00,62.155,2.945,9.616,0
machine_01,2024-01-03 23:00:00,65.683,2.206,9.623,0
machine_01,2024-01-04 00:00:00,63.332,2.864,8.863,0
machine_01,2024-01-04 01:00:00,66.194,2.515,10.174,0
machine_01,2024-01-04 02:00:00,62.617,2.66,9.574,0
machine_01,2024-01-04 03:00:00,63.905,3.495,10.33,0
machine_01,2024-01-04 04:00:00,66.227,3.107,10.156,0
machine_01,2024-01-04 05:00:00,62.873,2.766,10.236,0
machine_01,2024-01-04 06:00:00,64.304,2.918,10.327,1
machine_01,2024-01-04 07:00:00,66.381,3.195,8.956,1
machine_01,2024-01-04 08:00:00,60.396,2.82,10.497,0
machine_01,2024-01-04 09:00:00,61.342,2.672,9.758,0
machine_01,2024-01-04 10:00:00,61.397,3.069,10.319,0
machine_01,2024-01-04 11:00:00,58.157,3.067,9.778,0
machine_01,2024-01-04 12:00:00,65.972,2.357,9.446,1
machine_01,2024-01-04 13:00:00,59.576,3.418,9.926,0
machine_01,2024-01-04 14:00:00,61.598,3.22,10.276,0
machine_01,2024-01-04 15:00:00,63.208,3.057,9.31,0
machine_01,2024-01-04 16:00:00,62.435,3.091,10.242,0
machine_01,2024-01-04 17:00:00,62.49,3.42,9.37,0
machine_01,2024-01-04 18:00:00,63.144,3.229,9.747,0
machine_01,2024-01-04 19:00:00,64.453,3.228,10.019,0
machine_01,2024-01-04 20:00:00,62.329,2.375,10.544,0
machine_01,2024-01-04 21:00:00,62.955,3.368,8.94,0
machine_01,2024-01-04 22:00:00,59.537,2.737,9.961,0
machine_01,2024-01-04 23:00:00,63.292,2.552,8.587,0
machine_01,2024-01-05 00:00:00,61.796,3.113,10.093,0
machine_01,2024-01-05 01:00:00,61.415,3.017,10.122,0
machine_01,2024-01-05 02:00:00,63.8,2.764,9.652,0
machine_01,2024-01-05 03:00:00,64.381,2.857,10.002,1
machine_01,2024-01-05 04:00:00,62.504,3.224,8.745,0
machine_01,2024-01-05 05:00:00,59.775,2.276,9.402,0
machine_01,2024-01-05 06:00:00,62.17,3.035,10.286,0
machine_01,2024-01-05 07:00:00,62.601,3.382,9.788,0
machine_01,2024-01-05 08:00:00,61.551,2.531,9.298,0
machine_01,2024-01-05 09:00:00,64.347,3.492,9.051,1
machine_01,2024-01-05 10:00:00,60.658,3.118,9.676,0
machine_01,2024-01-05 11:00:00,64.596,2.794,9.475,0
machine_01,2024-01-05 12:00:00,61.431,3.104,9.647,0
machine_01,2024-01-05 13:00:00,63.463,3.372,9.57,0
machine_01,2024-01-05 14:00:00,64.874,2.876,10.299,1
machine_01,2024-01-05 15:00:00,62.477,3.08,10.717,1
machine_01,2024-01-05 16:00:00,62.878,3.024,10.28,0
machine_01,2024-01-05 17:00:00,63.406,2.968,9.899,0
machine_01,2024-01-05 18:00:00,59.56,2.354,9.183,1
machine_01,2024-01-05 19:00:00,62.153,3.557,10.295,0
machine_01,2024-01-05 20:00:00,63.435,2.853,9.599,0
machine_01,2024-01-05 21:00:00,63.978,2.874,10.274,0
machine_01,2024-01-05 22:00:00,62.752,3.755,9.853,0
machine_01,2024-01-05 23:00:00,62.923,3.15,9.713,0
machine_01,2024-01-06 00:00:00,61.181,3.105,9.316,0
machine_01,2024-01-06 01:00:00,63.965,3.175,10.284,1
machine_01,2024-01-06 02:00:00,62.167,3.112,9.587,0
machine_01,2024-01-06 03:00:00,59.077,2.875,8.746,0
machine_01,2024-01-06 04:00:00,65.467,3.244,9.382,1
machine_01,2024-01-06 05:00:00,56.811,2.813,10.952,0
machine_01,2024-01-06 06:00:00,61.62,3.115,8.961,0
machine_01,2024-01-06 07:00:00,62.939,2.95,10.137,0
machine_01,2024-01-06 08:00:00,64.076,2.769,10.191,0
machine_01,2024-01-06 09:00:00,60.799,2.709,10.409,1
machine_01,2024-01-06 10:00:00,65.547,2.843,10.469,0
machine_01,2024-01-06 11:00:00,63.256,3.445,9.561,1
machine_01,2024-01-06 12:00:00,61.842,3.111,8.959,0
machine_01,2024-01-06 13:00:00,61.662,3.32,8.544,1
machine_01,2024-01-06 14:00:00,59.367,2.728,9.865,0
machine_01,2024-01-06 15:00:00,62.233,2.928,9.843,0
machine_01,2024-01-06 16:00:00,64.153,3.174,9.934,0
machine_01,2024-01-06 17:00:00,63.332,3.586,9.698,0
machine_01,2024-01-06 18:00:00,61.233,2.666,9.119,0
machine_01,2024-01-06 19:00:00,61.712,2.709,9.706,0
machine_01,2024-01-06 20:00:00,62.842,2.746,10.192,1
machine_01,2024-01-06 21:00:00,62.42,2.78,10.016,0
machine_01,2024-01-06 22:00:00,59.843,2.955,9.873,0
machine_01,2024-01-06 23:00:00,63.119,2.539,10.41,0
machine_01,2024-01-07 00:00:00,62.235,3.085,8.537,0
machine_01,2024-01-07 01:00:00,62.152,2.654,10.099,0
machine_01,2024-01-07 02:00:00,60.386,2.724,9.859,0
machine_01,2024-01-07 03:00:00,60.295,3.05,10.652,0
machine_01,2024-01-07 04:00:00,61.892,2.48,9.101,0
machine_01,2024-01-07 05:00:00,61.698,3.219,9.862,0
machine_02,2024-01-01 00:00:00,60.42,2.588,11.491,0
machine_02,2024-01-01 01:00:00,58.116,2.923,11.235,1
machine_02,2024-01-01 02:00:00,56.018,2.923,10.336,0
machine_02,2024-01-01 03:00:00,56.541,2.895,10.45,0
machine_02,2024-01-01 04:00:00,60.816,2.834,10.547,0
machine_02,2024-01-01 05:00:00,58.507,2.771,10.988,0
machine_02,2024-01-01 06:00:00,60.331,2.601,10.648,0
machine_02,2024-01-01 07:00:00,57.308,2.037,11.659,0
machine_02,2024-01-01 08:00:00,58.578,2.18,10.698,0
machine_02,2024-01-01 09:00:00,59.009,2.427,11.143,0
machine_02,2024-01-01 10:00:00,56.4,2.971,11.88,0
machine_02,2024-01-01 11:00:00,58.714,2.719,11.161,0
machine_02,2024-01-01 12:00:00,56.847,2.242,10.936,0
machine_02,2024-01-01 13:00:00,63.084,2.709,11.687,1
machine_02,2024-01-01 14:00:00,60.563,2.857,10.419,0
machine_02,2024-01-01 15:00:00,61.814,2.664,10.008,0
machine_02,2024-01-01 16:00:00,57.584,2.658,10.813,0
machine_02,2024-01-01 17:00:00,56.157,2.906,10.592,0
machine_02,2024-01-01 18:00:00,60.958,2.843,10.497,0
machine_02,2024-01-01 19:00:00,61.06,2.866,12.045,0
machine_02,2024-01-01 20:00:00,60.164,2.711,11.262,0
machine_02,2024-01-01 21:00:00,61.892,2.605,10.636,0
machine_02,2024-01-01 22:00:00,60.97,3.211,10.624,0
machine_02,2024-01-01 23:00:00,60.017,2.687,11.33,0
machine_02,2024-01-02 00:00:00,57.735,2.526,9.693,1
machine_02,2024-01-02 01:00:00,57.558,2.701,11.41,1
machine_02,2024-01-02 02:00:00,57.327,2.744,11.378,0
machine_02,2024-01-02 03:00:00,57.568,2.929,10.743,0
machine_02,2024-01-02 04:00:00,59.361,2.972,10.336,1
machine_02,2024-01-02 05:00:00,58.967,2.396,10.072,0
machine_02,2024-01-02 06:00:00,58.687,2.454,10.805,0
machine_02,2024-01-02 07:00:00,54.827,2.312,10.392,0
machine_02,2024-01-02 08:00:00,59.954,2.991,10.283,0
machine_02,2024-01-02 09:00:00,60.284,2.779,11.128,1
machine_02,2024-01-02 10:00:00,59.945,2.809,11.242,1
machine_02,2024-01-02 11:00:00,56.149,2.087,11.354,0
machine_02,2024-01-02 12:00:00,57.348,2.203,10.903,0
machine_02,2024-01-02 13:00:00,62.984,2.916,10.668,0
machine_02,2024-01-02 14:00:00,59.412,2.671,10.346,0
machine_02,2024-01-02 15:00:00,62.959,3.102,10.393,0
machine_02,2024-01-02 16:00:00,60.668,2.894,11.478,0
machine_02,2024-01-02 17:00:00,60.869,2.952,11.024,0
machine_02,2024-01-02 18:00:00,59.556,2.594,10.214,0
machine_02,2024-01-02 19:00:00,62.847,3.169,10.981,0
machine_02,2024-01-02 20:00:00,59.413,2.822,10.307,0
machine_02,2024-01-02 21:00:00,59.51,2.37,10.828,1
machine_02,2024-01-02 22:00:00,62.984,3.029,10.859,0
machine_02,2024-01-02 23:00:00,59.477,2.7,10.312,0
machine_02,2024-01-03 00:00:00,57.897,2.386,11.109,0
machine_02,2024-01-03 01:00:00,55.815,2.724,11.351,0
machine_02,2024-01-03 02:00:00,61.44,2.773,10.431,0
machine_02,2024-01-03 03:00:00,60.078,2.875,11.497,0
machine_02,2024-01-03 04:00:00,59.124,2.388,10.694,0
machine_02,2024-01-03 05:00:00,58.985,2.588,10.98,0
machine_02,2024-01-03 06:00:00,58.133,2.855,10.653,0
machine_02,2024-01-03 07:00:00,59.935,2.419,10.613,0
machine_02,2024-01-03 08:00:00,57.065,2.126,9.923,0
machine_02,2024-01-03 09:00:00,59.451,2.726,11.461,0
machine_02,2024-01-03 10:00:00,60.181,3.23,10.29,0
machine_02,2024-01-03 11:00:00,57.883,2.493,10.69,0
machine_02,2024-01-03 12:00:00,63.064,2.66,11.806,0
machine_02,2024-01-03 13:00:00,62.896,2.733,10.919,0
machine_02,2024-01-03 14:00:00,65.746,3.017,10.5,0
machine_02,2024-01-03 15:00:00,58.665,2.614,11.308,0
machine_02,2024-01-03 16:00:00,59.946,2.765,11.022,0
machine_02,2024-01-03 17:00:00,55.515,2.961,10.363,1
machine_02,2024-01-03 18:00:00,59.272,2.786,10.507,0
machine_02,2024-01-03 19:00:00,56.704,2.639,10.561,0
machine_02,2024-01-03 20:00:00,59.947,2.459,11.216,0
machine_02,2024-01-03 21:00:00,55.605,2.174,10.847,0
machine_02,2024-01-03 22:00:00,59.182,2.753,10.966,0
machine_02,2024-01-03 23:00:00,57.167,2.41,10.307,0
machine_02,2024-01-04 00:00:00,61.879,2.632,9.603,0
machine_02,2024-01-04 01:00:00,57.723,2.594,10.649,0
machine_02,2024-01-04 02:00:00,58.765,3.076,10.516,0
machine_02,2024-01-04 03:00:00,60.347,2.3,11.048,0
machine_02,2024-01-04 04:00:00,59.094,3.238,10.542,1
machine_02,2024-01-04 05:00:00,58.938,2.378,10.888,0
machine_02,2024-01-04 06:00:00,57.885,2.88,11.131,0
machine_02,2024-01-04 07:00:00,61.364,3.108,11.572,0
machine_02,2024-01-04 08:00:00,62.116,2.197,10.695,0
machine_02,2024-01-04 09:00:00,59.627,2.59,10.77,0
machine_02,2024-01-04 10:00:00,59.049,2.885,10.737,1
machine_02,2024-01-04 11:00:00,59.401,2.896,11.436,0
machine_02,2024-01-04 12:00:00,60.008,2.938,10.278,0
machine_02,2024-01-04 13:00:00,61.269,3.021,10.959,0
machine_02,2024-01-04 14:00:00,60.37,3.121,10.998,0
machine_02,2024-01-04 15:00:00,60.06,1.882,11.045,0
machine_02,2024-01-04 16:00:00,55.942,2.897,11.092,0
machine_02,2024-01-04 17:00:00,57.965,3.172,10.612,0
machine_02,2024-01-04 18:00:00,59.385,2.884,11.662,0
machine_02,2024-01-04 19:00:00,57.384,2.728,10.836,0
machine_02,2024-01-04 20:00:00,58.877,2.538,11.316,1
machine_02,2024-01-04 21:00:00,58.823,2.729,10.965,0
machine_02,2024-01-04 22:00:00,57.389,2.449,11.406,0
machine_02,2024-01-04 23:00:00,56.555,2.894,11.085,0
machine_02,2024-01-05 00:00:00,59.848,2.982,11.041,1
machine_02,2024-01-05 01:00:00,56.58,2.86,10.702,0
machine_02,2024-01-05 02:00:00,61.13,3.205,11.751,0
machine_02,2024-01-05 03:00:00,59.169,2.867,11.237,0
machine_02,2024-01-05 04:00:00,59.65,3.008,10.824,0
machine_02,2024-01-05 05:00:00,58.56,2.951,10.855,1
machine_02,2024-01-05 06:00:00,60.729,2.649,11.232,1
machine_02,2024-01-05 07:00:00,56.919,3.194,10.603,0
machine_02,2024-01-05 08:00:00,57.299,2.455,10.88,0
machine_02,2024-01-05 09:00:00,58.715,2.947,11.023,0
machine_02,2024-01-05 10:00:00,60.208,2.946,9.8,0
machine_02,2024-01-05 11:00:00,55.028,2.772,10.851,0
machine_02,2024-01-05 12:00:00,61.764,2.822,10.603,1
machine_02,2024-01-05 13:00:00,58.333,2.761,11.347,0
machine_02,2024-01-05 14:00:00,61.0,2.964,10.376,0
machine_02,2024-01-05 15:00:00,60.786,2.792,10.472,0
machine_02,2024-01-05 16:00:00,58.313,2.924,10.376,0
machine_02,2024-01-05 17:00:00,56.905,2.7,10.908,0
machine_02,2024-01-05 18:00:00,56.634,3.203,10.928,0
machine_02,2024-01-05 19:00:00,59.625,2.895,10.777,0
machine_02,2024-01-05 20:00:00,58.476,3.101,10.531,1
machine_02,2024-01-05 21:00:00,57.245,2.898,11.576,1
machine_02,2024-01-05 22:00:00,58.995,2.427,10.739,0
machine_02,2024-01-05 23:00:00,57.563,2.829,11.513,0
machine_02,2024-01-06 00:00:00,58.216,3.192,10.975,1
machine_02,2024-01-06 01:00:00,60.254,2.78,10.909,0
machine_02,2024-01-06 02:00:00,56.593,2.298,11.18,0
machine_02,2024-01-06 03:00:00,58.197,2.764,11.251,0
machine_02,2024-01-06 04:00:00,58.077,3.129,11.643,0
machine_02,2024-01-06 05:00:00,61.336,3.134,11.419,0
machine_02,2024-01-06 06:00:00,60.585,2.917,10.305,0
machine_02,2024-01-06 07:00:00,56.677,2.523,11.505,0
machine_02,2024-01-06 08:00:00,62.364,2.68,10.277,0
machine_02,2024-01-06 09:00:00,59.593,2.785,11.42,1
machine_02,2024-01-06 10:00:00,60.093,2.465,11.079,1
machine_02,2024-01-06 11:00:00,57.889,2.69,10.761,0
machine_02,2024-01-06 12:00:00,62.931,2.732,10.732,0
machine_02,2024-01-06 13:00:00,57.6,2.682,10.511,1
machine_02,2024-01-06 14:00:00,59.059,3.148,10.884,0
machine_02,2024-01-06 15:00:00,59.211,2.762,11.713,0
machine_02,2024-01-06 16:00:00,55.386,2.598,10.861,0
machine_02,2024-01-06 17:00:00,60.335,2.646,11.363,0
machine_02,2024-01-06 18:00:00,59.757,3.05,10.99,0
machine_02,2024-01-06 19:00:00,60.784,2.794,10.854,0
machine_02,2024-01-06 20:00:00,54.487,2.336,10.26,0
machine_02,2024-01-06 21:00:00,58.88,2.309,10.361,0
machine_02,2024-01-06 22:00:00,64.304,3.302,10.648,1
machine_02,2024-01-06 23:00:00,57.09,2.189,10.795,0
machine_02,2024-01-07 00:00:00,59.219,2.281,10.473,0
machine_02,2024-01-07 01:00:00,60.121,2.886,10.193,0
machine_02,2024-01-07 02:00:00,57.788,2.951,10.848,0
machine_02,2024-01-07 03:00:00,58.756,2.871,11.16,0
machine_02,2024-01-07 04:00:00,62.452,3.063,10.725,1
machine_02,2024-01-07 05:00:00,63.256,3.349,10.24,0
machine_03,2024-01-01 00:00:00,66.556,2.469,9.626,0
machine_03,2024-01-01 01:00:00,64.426,2.755,9.962,0
machine_03,2024-01-01 02:00:00,62.161,2.522,11.429,0
machine_03,2024-01-01 03:00:00,65.359,2.639,10.195,0
machine_03,2024-01-01 04:00:00,58.283,2.373,9.382,0
machine_03,2024-01-01 05:00:00,61.195,3.184,10.266,0
machine_03,2024-01-01 06:00:00,64.408,3.021,9.837,0
machine_03,2024-01-01 07:00:00,65.043,2.613,10.568,0
machine_03,2024-01-01 08:00:00,62.487,2.449,9.696,0
machine_03,2024-01-01 09:00:00,59.016,2.812,10.451,0
machine_03,2024-01-01 10:00:00,63.639,2.957,10.597,1
machine_03,2024-01-01 11:00:00,66.14,2.486,11.13,0
machine_03,2024-01-01 12:00:00,65.676,2.806,10.082,0
machine_03,2024-01-01 13:00:00,63.243,2.318,10.771,0
machine_03,2024-01-01 14:00:00,61.992,2.877,9.925,0
machine_03,2024-01-01 15:00:00,65.135,2.775,11.158,1
machine_03,2024-01-01 16:00:00,65.585,2.815,10.686,0
machine_03,2024-01-01 17:00:00,63.487,2.751,9.87,0
machine_03,2024-01-01 18:00:00,64.886,2.964,11.056,0
machine_03,2024-01-01 19:00:00,62.836,2.898,9.976,1
machine_03,2024-01-01 20:00:00,62.386,3.272,10.47,1
machine_03,2024-01-01 21:00:00,65.973,2.135,9.281,0
machine_03,2024-01-01 22:00:00,63.707,2.861,9.625,0
machine_03,2024-01-01 23:00:00,67.593,3.033,10.373,1
machine_03,2024-01-02 00:00:00,62.797,2.147,10.417,0
machine_03,2024-01-02 01:00:00,60.435,2.588,9.709,0
machine_03,2024-01-02 02:00:00,63.693,2.161,10.595,0
machine_03,2024-01-02 03:00:00,63.084,2.042,9.79,0
machine_03,2024-01-02 04:00:00,58.03,2.682,9.698,0
machine_03,2024-01-02 05:00:00,62.236,2.907,10.57,0
machine_03,2024-01-02 06:00:00,63.18,2.899,9.545,0
machine_03,2024-01-02 07:00:00,62.065,2.618,10.277,0
machine_03,2024-01-02 08:00:00,64.044,3.076,10.434,1
machine_03,2024-01-02 09:00:00,63.338,3.009,9.349,1
machine_03,2024-01-02 10:00:00,65.339,2.867,10.494,0
machine_03,2024-01-02 11:00:00,64.523,2.983,11.643,0
machine_03,2024-01-02 12:00:00,61.99,2.914,10.507,0
machine_03,2024-01-02 13:00:00,61.521,3.479,10.451,0
machine_03,2024-01-02 14:00:00,65.418,2.753,10.161,0
machine_03,2024-01-02 15:00:00,61.002,2.892,11.244,1
machine_03,2024-01-02 16:00:00,62.834,2.634,10.083,0
machine_03,2024-01-02 17:00:00,62.83,3.061,9.421,0
machine_03,2024-01-02 18:00:00,62.827,2.899,9.724,1
machine_03,2024-01-02 19:00:00,66.077,3.074,9.53,0
machine_03,2024-01-02 20:00:00,64.396,2.304,10.276,0
machine_03,2024-01-02 21:00:00,64.698,2.839,10.433,0
machine_03,2024-01-02 22:00:00,66.038,1.926,10.129,0
machine_03,2024-01-02 23:00:00,60.082,2.814,10.912,1
machine_03,2024-01-03 00:00:00,64.259,2.511,9.952,0
machine_03,2024-01-03 01:00:00,62.501,2.925,9.352,0
machine_03,2024-01-03 02:00:00,64.791,2.731,10.576,0
machine_03,2024-01-03 03:00:00,65.951,2.689,10.186,1
machine_03,2024-01-03 04:00:00,62.425,2.994,10.416,0
machine_03,2024-01-03 05:00:00,63.568,2.94,10.078,0
machine_03,2024-01-03 06:00:00,60.45,3.164,10.972,1
machine_03,2024-01-03 07:00:00,68.045,3.085,10.773,0
machine_03,2024-01-03 08:00:00,63.152,2.723,10.483,0
machine_03,2024-01-03 09:00:00,63.949,2.513,10.7,0
machine_03,2024-01-03 10:00:00,64.895,3.01,10.152,1
machine_03,2024-01-03 11:00:00,61.85,2.295,10.406,0
machine_03,2024-01-03 12:00:00,62.706,1.899,9.664,0
machine_03,2024-01-03 13:00:00,62.257,2.894,9.592,0
machine_03,2024-01-03 14:00:00,63.298,2.873,11.451,0
machine_03,2024-01-03 15:00:00,62.973,2.608,10.125,0
machine_03,2024-01-03 16:00:00,63.376,2.667,11.021,0
machine_03,2024-01-03 17:00:00,68.185,2.813,11.18,0
machine_03,2024-01-03 18:00:00,65.512,2.569,9.861,0
machine_03,2024-01-03 19:00:00,65.563,2.798,9.645,0
machine_03,2024-01-03 20:00:00,60.732,2.256,10.342,0
machine_03,2024-01-03 21:00:00,63.559,2.108,10.192,0
machine_03,2024-01-03 22:00:00,67.778,2.349,10.092,1
machine_03,2024-01-03 23:00:00,64.486,2.955,10.345,0
machine_03,2024-01-04 00:00:00,65.141,2.543,10.727,0
machine_03,2024-01-04 01:00:00,64.243,2.84,9.98,1
machine_03,2024-01-04 02:00:00,62.341,2.465,10.111,0
machine_03,2024-01-04 03:00:00,64.232,2.441,10.644,0
machine_03,2024-01-04 04:00:00,62.453,2.599,10.95,1
machine_03,2024-01-04 05:00:00,63.163,2.936,9.234,0
machine_03,2024-01-04 06:00:00,67.581,2.826,10.322,0
machine_03,2024-01-04 07:00:00,65.377,2.187,9.447,0
machine_03,2024-01-04 08:00:00,62.156,3.18,10.13,0
machine_03,2024-01-04 09:00:00,61.05,1.961,10.171,0
machine_03,2024-01-04 10:00:00,62.737,3.11,10.887,1
machine_03,2024-01-04 11:00:00,59.317,2.971,10.565,0
machine_03,2024-01-04 12:00:00,65.549,2.437,11.292,0
machine_03,2024-01-04 13:00:00,65.084,2.28,9.823,0
machine_03,2024-01-04 14:00:00,63.064,3.038,10.406,0
machine_03,2024-01-04 15:00:00,66.314,2.715,9.397,0
machine_03,2024-01-04 16:00:00,64.688,2.905,9.504,1
machine_03,2024-01-04 17:00:00,62.423,2.676,9.6,0
machine_03,2024-01-04 18:00:00,62.129,3.018,10.692,0
machine_03,2024-01-04 19:00:00,62.802,2.828,9.879,0
machine_03,2024-01-04 20:00:00,61.706,2.596,9.706,0
machine_03,2024-01-04 21:00:00,65.045,2.31,10.3,0
machine_03,2024-01-04 22:00:00,64.269,2.782,9.561,0
machine_03,2024-01-04 23:00:00,63.645,3.095,9.181,1
machine_03,2024-01-05 00:00:00,65.965,2.74,10.563,1
machine_03,2024-01-05 01:00:00,63.347,2.3,9.116,0
machine_03,2024-01-05 02:00:00,61.616,2.649,9.595,0
machine_03,2024-01-05 03:00:00,63.238,2.567,10.477,0
machine_03,2024-01-05 04:00:00,64.228,2.858,11.077,0
machine_03,2024-01-05 05:00:00,63.476,3.126,10.92,1
machine_03,2024-01-05 06:00:00,62.961,3.194,10.542,0
machine_03,2024-01-05 07:00:00,63.151,2.671,10.432,0
machine_03,2024-01-05 08:00:00,63.501,2.81,9.949,0
machine_03,2024-01-05 09:00:00,69.414,2.253,10.45,1
machine_03,2024-01-05 10:00:00,64.741,2.8,10.669,1
machine_03,2024-01-05 11:00:00,63.971,3.126,9.116,0
machine_03,2024-01-05 12:00:00,64.336,3.109,9.678,0
machine_03,2024-01-05 13:00:00,63.878,2.781,10.429,0
machine_03,2024-01-05 14:00:00,60.056,3.078,10.292,0
machine_03,2024-01-05 15:00:00,60.644,2.937,9.081,1
machine_03,2024-01-05 16:00:00,60.602,2.802,10.228,0
machine_03,2024-01-05 17:00:00,63.229,2.578,10.034,0
machine_03,2024-01-05 18:00:00,64.659,2.67,10.17,1
machine_03,2024-01-05 19:00:00,64.363,2.258,10.664,0
machine_03,2024-01-05 20:00:00,68.36,2.456,10.236,0
machine_03,2024-01-05 21:00:00,65.969,2.577,10.4,0
machine_03,2024-01-05 22:00:00,64.15,2.576,10.243,0
machine_03,2024-01-05 23:00:00,63.856,2.921,10.174,0
machine_03,2024-01-06 00:00:00,65.563,2.895,9.925,1
machine_03,2024-01-06 01:00:00,60.585,2.478,10.019,0
machine_03,2024-01-06 02:00:00,62.307,2.978,10.019,1
machine_03,2024-01-06 03:00:00,63.303,3.048,10.02,0
machine_03,2024-01-06 04:00:00,63.275,2.371,10.022,0
machine_03,2024-01-06 05:00:00,64.406,2.646,11.475,0
machine_03,2024-01-06 06:00:00,63.993,2.448,10.041,0
machine_03,2024-01-06 07:00:00,58.935,2.857,11.239,0
machine_03,2024-01-06 08:00:00,64.106,3.094,10.206,0
machine_03,2024-01-06 09:00:00,59.035,2.978,10.231,0
machine_03,2024-01-06 10:00:00,63.839,2.611,10.024,1
machine_03,2024-01-06 11:00:00,60.909,3.1,9.589,1
machine_03,2024-01-06 12:00:00,67.432,3.124,10.337,0
machine_03,2024-01-06 13:00:00,62.527,2.808,10.306,0
machine_03,2024-01-06 14:00:00,63.524,2.722,9.567,0
machine_03,2024-01-06 15:00:00,65.415,2.376,10.193,0
machine_03,2024-01-06 16:00:00,63.809,2.669,11.026,0
machine_03,2024-01-06 17:00:00,60.962,2.987,9.9,1
machine_03,2024-01-06 18:00:00,64.214,2.639,10.734,0
machine_03,2024-01-06 19:00:00,62.348,2.589,10.005,0
machine_03,2024-01-06 20:00:00,64.844,3.299,11.422,0
machine_03,2024-01-06 21:00:00,63.727,2.433,9.899,0
machine_03,2024-01-06 22:00:00,61.472,2.47,10.216,1
machine_03,2024-01-06 23:00:00,65.27,2.511,11.693,0
machine_03,2024-01-07 00:00:00,62.964,2.651,10.324,0
machine_03,2024-01-07 01:00:00,66.998,3.122,10.436,0
machine_03,2024-01-07 02:00:00,64.007,2.45,11.019,1
machine_03,2024-01-07 03:00:00,63.777,2.055,9.796,0
machine_03,2024-01-07 04:00:00,66.012,3.119,9.492,1
machine_03,2024-01-07 05:00:00,65.617,2.289,10.284,0
machine_04,2024-01-01 00:00:00,61.372,1.572,10.483,0
machine_04,2024-01-01 01:00:00,61.678,1.959,10.424,0
machine_04,2024-01-01 02:00:00,62.859,2.037,10.441,0
machine_04,2024-01-01 03:00:00,58.132,2.271,10.645,0
machine_04,2024-01-01 04:00:00,63.895,1.542,9.659,0
machine_04,2024-01-01 05:00:00,61.959,2.179,10.414,0
machine_04,2024-01-01 06:00:00,63.839,2.273,10.515,0
machine_04,2024-01-01 07:00:00,63.512,2.495,10.968,0
machine_04,2024-01-01 08:00:00,63.321,2.386,11.425,0
machine_04,2024-01-01 09:00:00,61.521,2.352,10.674,0
machine_04,2024-01-01 10:00:00,62.803,2.302,10.69,0
machine_04,2024-01-01 11:00:00,61.456,2.572,10.195,0
machine_04,2024-01-01 12:00:00,61.996,2.392,9.897,0
machine_04,2024-01-01 13:00:00,57.898,2.138,10.086,1
machine_04,2024-01-01 14:00:00,63.296,1.936,10.761,0
machine_04,2024-01-01 15:00:00,63.318,2.271,10.3,1
machine_04,2024-01-01 16:00:00,64.061,2.246,9.947,0
machine_04,2024-01-01 17:00:00,59.804,2.552,11.158,0
machine_04,2024-01-01 18:00:00,62.288,2.065,10.985,0
machine_04,2024-01-01 19:00:00,62.445,2.39,10.365,0
machine_04,2024-01-01 20:00:00,59.585,1.809,9.731,0
machine_04,2024-01-01 21:00:00,65.592,2.556,9.832,1
machine_04,2024-01-01 22:00:00,64.818,1.991,10.696,0
machine_04,2024-01-01 23:00:00,62.507,1.809,10.745,0
machine_04,2024-01-02 00:00:00,63.059,2.435,10.254,0
machine_04,2024-01-02 01:00:00,57.662,2.048,10.355,0
machine_04,2024-01-02 02:00:00,62.88,1.993,10.108,0
machine_04,2024-01-02 03:00:00,64.116,2.309,10.581,0
machine_04,2024-01-02 04:00:00,59.652,2.138,10.719,0
machine_04,2024-01-02 05:00:00,62.845,1.894,10.9,1
machine_04,2024-01-02 06:00:00,56.139,2.485,9.122,0
machine_04,2024-01-02 07:00:00,64.024,2.033,9.912,1
machine_04,2024-01-02 08:00:00,64.027,1.552,11.21,0
machine_04,2024-01-02 09:00:00,59.589,1.953,10.137,0
machine_04,2024-01-02 10:00:00,63.439,1.612,10.444,0
machine_04,2024-01-02 11:00:00,64.561,1.723,11.448,0
machine_04,2024-01-02 12:00:00,59.65,1.925,10.245,0
machine_04,2024-01-02 13:00:00,62.163,1.76,9.555,0
machine_04,2024-01-02 14:00:00,58.368,1.902,10.191,1
machine_04,2024-01-02 15:00:00,65.976,2.145,10.768,0
machine_04,2024-01-02 16:00:00,60.666,2.193,10.133,0
machine_04,2024-01-02 17:00:00,59.568,2.042,10.352,0
machine_04,2024-01-02 18:00:00,60.693,2.047,10.527,0
machine_04,2024-01-02 19:00:00,62.944,2.2,10.601,0
machine_04,2024-01-02 20:00:00,63.567,2.057,10.492,1
machine_04,2024-01-02 21:00:00,65.367,1.726,11.03,1
machine_04,2024-01-02 22:00:00,62.408,2.601,10.89,0
machine_04,2024-01-02 23:00:00,60.853,2.137,10.519,0
machine_04,2024-01-03 00:00:00,61.394,2.188,10.262,0
machine_04,2024-01-03 01:00:00,59.253,2.245,10.918,1
machine_04,2024-01-03 02:00:00,63.904,2.154,10.842,0
machine_04,2024-01-03 03:00:00,61.791,1.969,11.753,1
machine_04,2024-01-03 04:00:00,60.642,2.258,10.771,0
machine_04,2024-01-03 05:00:00,64.219,2.1,10.09,0
machine_04,2024-01-03 06:00:00,63.225,1.749,11.534,0
machine_04,2024-01-03 07:00:00,61.953,2.605,10.725,0
machine_04,2024-01-03 08:00:00,60.653,2.303,10.884,0
machine_04,2024-01-03 09:00:00,60.394,2.167,10.611,0
machine_04,2024-01-03 10:00:00,59.03,2.298,9.345,0
machine_04,2024-01-03 11:00:00,61.018,2.521,10.399,0
machine_04,2024-01-03 12:00:00,61.18,2.162,11.014,0
machine_04,2024-01-03 13:00:00,63.967,1.83,10.793,0
machine_04,2024-01-03 14:00:00,63.294,2.703,10.264,0
machine_04,2024-01-03 15:00:00,59.985,2.326,10.894,0
machine_04,2024-01-03 16:00:00,59.728,2.358,10.033,1
machine_04,2024-01-03 17:00:00,67.689,2.238,10.937,0
machine_04,2024-01-03 18:00:00,58.353,1.947,10.099,0
machine_04,2024-01-03 19:00:00,65.418,2.21,10.835,0
machine_04,2024-01-03 20:00:00,61.628,2.417,10.629,0
machine_04,2024-01-03 21:00:00,61.582,2.025,9.942,0
machine_04,2024-01-03 22:00:00,61.451,2.145,10.002,0
machine_04,2024-01-03 23:00:00,62.081,1.481,10.188,1
machine_04,2024-01-04 00:00:00,62.748,1.782,10.725,0
machine_04,2024-01-04 01:00:00,63.528,2.1,10.412,0
machine_04,2024-01-04 02:00:00,62.909,2.187,10.96,0
machine_04,2024-01-04 03:00:00,63.611,2.156,11.038,0
machine_04,2024-01-04 04:00:00,60.365,1.586,11.417,0
machine_04,2024-01-04 05:00:00,58.545,1.914,11.031,0
machine_04,2024-01-04 06:00:00,60.95,2.548,10.122,1
machine_04,2024-01-04 07:00:00,62.396,2.245,10.894,0
machine_04,2024-01-04 08:00:00,62.371,2.275,10.516,0
machine_04,2024-01-04 09:00:00,62.189,2.193,11.032,0
machine_04,2024-01-04 10:00:00,62.062,1.885,10.679,0
machine_04,2024-01-04 11:00:00,62.36,2.79,10.384,0
machine_04,2024-01-04 12:00:00,64.111,2.158,11.814,0
machine_04,2024-01-04 13:00:00,62.622,1.888,10.47,0
machine_04,2024-01-04 14:00:00,63.666,2.224,11.275,0
machine_04,2024-01-04 15:00:00,61.309,2.939,10.843,0
machine_04,2024-01-04 16:00:00,60.585,1.845,11.114,1
machine_04,2024-01-04 17:00:00,62.228,2.109,11.011,1
machine_04,2024-01-04 18:00:00,59.823,2.195,10.946,0
machine_04,2024-01-04 19:00:00,60.355,2.331,10.274,0
machine_04,2024-01-04 20:00:00,60.086,2.518,10.962,0
machine_04,2024-01-04 21:00:00,64.468,2.972,9.791,0
machine_04,2024-01-04 22:00:00,60.741,1.873,10.107,0
machine_04,2024-01-04 23:00:00,59.54,2.229,10.671,0
machine_04,2024-01-05 00:00:00,62.989,2.309,10.459,0
machine_04,2024-01-05 01:00:00,62.443,1.569,10.144,0
machine_04,2024-01-05 02:00:00,62.008,2.092,10.411,0
machine_04,2024-01-05 03:00:00,63.072,2.346,10.18,0
machine_04,2024-01-05 04:00:00,62.047,2.18,9.717,0
machine_04,2024-01-05 05:00:00,62.002,2.064,10.239,0
machine_04,2024-01-05 06:00:00,61.62,2.155,10.948,0
machine_04,2024-01-05 07:00:00,61.385,1.991,10.864,1
machine_04,2024-01-05 08:00:00,61.105,2.365,11.135,0
machine_04,2024-01-05 09:00:00,65.53,1.868,10.652,0
machine_04,2024-01-05 10:00:00,61.778,1.933,9.903,0
machine_04,2024-01-05 11:00:00,60.437,2.154,10.249,0
machine_04,2024-01-05 12:00:00,62.442,2.173,10.935,0
machine_04,2024-01-05 13:00:00,62.528,2.274,10.107,0
machine_04,2024-01-05 14:00:00,65.139,1.851,10.124,0
machine_04,2024-01-05 15:00:00,61.793,1.857,10.493,0
machine_04,2024-01-05 16:00:00,60.362,1.71,11.117,0
machine_04,2024-01-05 17:00:00,60.733,1.653,10.273,1
machine_04,2024-01-05 18:00:00,64.305,1.817,10.603,0
machine_04,2024-01-05 19:00:00,57.211,2.438,10.054,0
machine_04,2024-01-05 20:00:00,62.467,2.453,10.921,0
machine_04,2024-01-05 21:00:00,60.404,2.17,10.548,0
machine_04,2024-01-05 22:00:00,63.552,2.311,10.538,0
machine_04,2024-01-05 23:00:00,61.063,2.253,10.1,0
machine_04,2024-01-06 00:00:00,63.79,2.166,9.114,0
machine_04,2024-01-06 01:00:00,65.746,1.964,9.653,0
machine_04,2024-01-06 02:00:00,62.0,2.46,10.784,0
machine_04,2024-01-06 03:00:00,62.7,2.337,11.784,0
machine_04,2024-01-06 04:00:00,58.813,2.262,11.216,0
machine_04,2024-01-06 05:00:00,61.12,2.478,11.109,0
machine_04,2024-01-06 06:00:00,60.474,1.976,10.492,1
machine_04,2024-01-06 07:00:00,60.194,1.299,10.428,0
machine_04,2024-01-06 08:00:00,60.987,2.709,10.652,0
machine_04,2024-01-06 09:00:00,62.497,2.376,10.785,0
machine_04,2024-01-06 10:00:00,62.086,2.277,10.829,0
machine_04,2024-01-06 11:00:00,62.784,2.798,10.51,0
machine_04,2024-01-06 12:00:00,64.489,2.47,10.651,0
machine_04,2024-01-06 13:00:00,63.007,1.462,11.38,0
machine_04,2024-01-06 14:00:00,63.973,1.857,9.869,1
machine_04,2024-01-06 15:00:00,61.906,1.981,10.688,0
machine_04,2024-01-06 16:00:00,63.643,2.443,11.067,0
machine_04,2024-01-06 17:00:00,61.594,1.512,10.551,0
machine_04,2024-01-06 18:00:00,60.034,2.075,10.3,1
machine_04,2024-01-06 19:00:00,63.473,2.324,10.956,0
machine_04,2024-01-06 20:00:00,62.369,1.773,9.552,0
machine_04,2024-01-06 21:00:00,62.622,2.491,11.431,0
machine_04,2024-01-06 22:00:00,59.978,2.022,10.886,0
machine_04,2024-01-06 23:00:00,64.934,2.464,10.452,1
machine_04,2024-01-07 00:00:00,63.551,1.798,10.526,0
machine_04,2024-01-07 01:00:00,65.16,2.022,9.426,1
machine_04,2024-01-07 02:00:00,60.576,2.141,10.602,0
machine_04,2024-01-07 03:00:00,63.554,1.668,10.387,0
machine_04,2024-01-07 04:00:00,60.746,1.645,10.98,0
machine_04,2024-01-07 05:00:00,61.884,1.54,10.999,0
machine_05,2024-01-01 00:00:00,56.559,2.184,9.307,1
machine_05,2024-01-01 01:00:00,55.575,2.257,10.181,0
machine_05,2024-01-01 02:00:00,57.902,2.535,9.538,0
machine_05,2024-01-01 03:00:00,57.094,2.191,9.063,0
machine_05,2024-01-01 04:00:00,55.233,1.739,9.619,0
machine_05,2024-01-01 05:00:00,59.093,1.94,9.166,0
machine_05,2024-01-01 06:00:00,58.655,2.227,9.571,0
machine_05,2024-01-01 07:00:00,51.288,1.892,9.746,0
machine_05,2024-01-01 08:00:00,55.07,2.481,10.454,0
machine_05,2024-01-01 09:00:00,54.788,2.445,10.798,0
machine_05,2024-01-01 10:00:00,57.997,2.145,9.938,0
machine_05,2024-01-01 11:00:00,54.026,2.155,10.025,1
machine_05,2024-01-01 12:00:00,55.682,2.471,10.172,0
machine_05,2024-01-01 13:00:00,57.421,2.696,11.189,1
machine_05,2024-01-01 14:00:00,55.026,2.681,10.296,0
machine_05,2024-01-01 15:00:00,55.135,2.613,9.473,0
machine_05,2024-01-01 16:00:00,56.121,2.749,9.585,1
machine_05,2024-01-01 17:00:00,52.109,2.073,9.23,0
machine_05,2024-01-01 18:00:00,53.564,2.24,9.5,0
machine_05,2024-01-01 19:00:00,58.587,2.649,9.895,0
machine_05,2024-01-01 20:00:00,55.075,2.549,10.179,0
machine_05,2024-01-01 21:00:00,56.015,1.841,9.993,0
machine_05,2024-01-01 22:00:00,55.382,2.995,9.446,0
machine_05,2024-01-01 23:00:00,55.87,2.42,9.83,0
machine_05,2024-01-02 00:00:00,57.638,2.864,9.886,0
machine_05,2024-01-02 01:00:00,54.538,2.68,9.506,0
machine_05,2024-01-02 02:00:00,60.363,2.414,8.791,0
machine_05,2024-01-02 03:00:00,58.406,2.616,10.011,0
machine_05,2024-01-02 04:00:00,56.911,2.816,10.347,0
machine_05,2024-01-02 05:00:00,56.659,2.722,9.733,1
machine_05,2024-01-02 06:00:00,59.355,2.515,10.289,1
machine_05,2024-01-02 07:00:00,54.769,2.454,10.605,0
machine_05,2024-01-02 08:00:00,52.519,2.386,10.778,0
machine_05,2024-01-02 09:00:00,57.029,2.386,8.987,1
machine_05,2024-01-02 10:00:00,57.307,2.429,9.701,0
machine_05,2024-01-02 11:00:00,54.858,2.795,10.158,0
machine_05,2024-01-02 12:00:00,56.233,2.398,10.41,0
machine_05,2024-01-02 13:00:00,52.698,2.635,10.202,0
machine_05,2024-01-02 14:00:00,56.757,2.354,10.281,0
machine_05,2024-01-02 15:00:00,54.968,2.357,10.897,0
machine_05,2024-01-02 16:00:00,56.941,1.947,9.833,0
machine_05,2024-01-02 17:00:00,51.772,2.567,9.697,0
machine_05,2024-01-02 18:00:00,57.621,2.881,10.632,0
machine_05,2024-01-02 19:00:00,56.034,2.849,10.728,0
machine_05,2024-01-02 20:00:00,54.059,2.511,10.107,0
machine_05,2024-01-02 21:00:00,56.88,3.132,10.207,0
machine_05,2024-01-02 22:00:00,56.308,2.428,10.077,0
machine_05,2024-01-02 23:00:00,54.014,2.83,10.573,0
machine_05,2024-01-03 00:00:00,57.878,2.424,10.057,0
machine_05,2024-01-03 01:00:00,57.93,2.475,10.592,0
machine_05,2024-01-03 02:00:00,57.19,2.2,10.966,0
machine_05,2024-01-03 03:00:00,57.368,1.968,9.475,0
machine_05,2024-01-03 04:00:00,56.516,1.876,10.406,0
machine_05,2024-01-03 05:00:00,58.764,2.424,9.989,0
machine_05,2024-01-03 06:00:00,54.147,2.153,9.789,1
machine_05,2024-01-03 07:00:00,53.28,1.95,10.299,0
machine_05,2024-01-03 08:00:00,55.157,1.893,9.547,0
machine_05,2024-01-03 09:00:00,57.803,2.219,10.716,0
machine_05,2024-01-03 10:00:00,54.576,2.912,9.993,0
machine_05,2024-01-03 11:00:00,55.632,2.856,10.62,0
machine_05,2024-01-03 12:00:00,55.857,2.477,9.394,0
machine_05,2024-01-03 13:00:00,55.952,2.792,10.491,1
machine_05,2024-01-03 14:00:00,55.514,2.65,9.594,0
machine_05,2024-01-03 15:00:00,55.766,2.16,9.408,0
machine_05,2024-01-03 16:00:00,55.629,2.942,9.63,0
machine_05,2024-01-03 17:00:00,60.727,2.133,8.938,0
machine_05,2024-01-03 18:00:00,54.288,2.444,9.594,1
machine_05,2024-01-03 19:00:00,54.041,2.396,10.112,0
machine_05,2024-01-03 20:00:00,54.542,2.346,9.172,0
machine_05,2024-01-03 21:00:00,56.179,2.331,9.751,1
machine_05,2024-01-03 22:00:00,54.63,2.658,10.605,0
machine_05,2024-01-03 23:00:00,56.912,2.379,10.07,0
machine_05,2024-01-04 00:00:00,56.959,1.918,10.114,0
machine_05,2024-01-04 01:00:00,55.499,2.749,9.542,0
machine_05,2024-01-04 02:00:00,56.224,1.923,9.767,0
machine_05,2024-01-04 03:00:00,52.122,2.067,9.371,0
machine_05,2024-01-04 04:00:00,55.21,2.87,10.364,0
machine_05,2024-01-04 05:00:00,56.233,2.568,9.456,1
machine_05,2024-01-04 06:00:00,53.718,2.701,10.48,0
machine_05,2024-01-04 07:00:00,55.589,2.57,8.456,0
machine_05,2024-01-04 08:00:00,55.715,2.435,10.24,0
machine_05,2024-01-04 09:00:00,53.661,2.408,9.921,0
machine_05,2024-01-04 10:00:00,56.266,2.762,9.344,0
machine_05,2024-01-04 11:00:00,58.522,1.93,9.977,0
machine_05,2024-01-04 12:00:00,55.2,2.179,9.802,0
machine_05,2024-01-04 13:00:00,53.413,2.1,9.236,0
machine_05,2024-01-04 14:00:00,55.017,2.443,9.685,0
machine_05,2024-01-04 15:00:00,55.471,3.188,10.583,1
machine_05,2024-01-04 16:00:00,57.237,2.201,8.999,0
machine_05,2024-01-04 17:00:00,58.262,2.764,9.652,1
machine_05,2024-01-04 18:00:00,57.441,2.568,9.69,0
machine_05,2024-01-04 19:00:00,56.17,2.774,9.288,0
machine_05,2024-01-04 20:00:00,56.605,2.675,10.323,0
machine_05,2024-01-04 21:00:00,52.708,2.29,10.331,0
machine_05,2024-01-04 22:00:00,54.554,1.904,10.763,0
machine_05,2024-01-04 23:00:00,57.482,2.741,10.175,0
machine_05,2024-01-05 00:00:00,55.614,2.322,11.204,1
machine_05,2024-01-05 01:00:00,55.014,2.59,9.381,0
machine_05,2024-01-05 02:00:00,54.62,2.601,10.42,1
machine_05,2024-01-05 03:00:00,56.131,2.454,9.859,0
machine_05,2024-01-05 04:00:00,55.043,2.894,9.833,0
machine_05,2024-01-05 05:00:00,54.909,2.78,10.225,0
machine_05,2024-01-05 06:00:00,55.427,2.622,9.565,0
machine_05,2024-01-05 07:00:00,57.881,2.713,9.396,0
machine_05,2024-01-05 08:00:00,56.159,2.968,8.929,1
machine_05,2024-01-05 09:00:00,53.19,2.26,9.705,0
machine_05,2024-01-05 10:00:00,54.874,2.453,9.619,0
machine_05,2024-01-05 11:00:00,57.502,2.676,10.308,0
machine_05,2024-01-05 12:00:00,56.54,2.653,9.371,0
machine_05,2024-01-05 13:00:00,55.709,3.003,10.849,0
machine_05,2024-01-05 14:00:00,60.93,2.176,10.377,0
machine_05,2024-01-05 15:00:00,53.95,2.598,9.833,0
machine_05,2024-01-05 16:00:00,56.403,2.809,9.925,0
machine_05,2024-01-05 17:00:00,58.134,2.625,10.253,0
machine_05,2024-01-05 18:00:00,53.851,2.28,9.576,0
machine_05,2024-01-05 19:00:00,57.894,2.404,10.602,0
machine_05,2024-01-05 20:00:00,56.429,2.204,10.675,1
machine_05,2024-01-05 21:00:00,56.194,2.349,9.442,0
machine_05,2024-01-05 22:00:00,57.208,2.215,11.417,0
machine_05,2024-01-05 23:00:00,53.427,2.603,10.651,0
machine_05,2024-01-06 00:00:00,57.086,1.897,9.548,0
machine_05,2024-01-06 01:00:00,52.152,2.485,8.765,0
machine_05,2024-01-06 02:00:00,54.867,2.201,10.085,0
machine_05,2024-01-06 03:00:00,57.729,2.676,10.457,0
machine_05,2024-01-06 04:00:00,56.549,2.604,9.958,0
machine_05,2024-01-06 05:00:00,55.277,2.205,10.098,1
machine_05,2024-01-06 06:00:00,54.615,2.252,9.282,0
machine_05,2024-01-06 07:00:00,56.099,2.192,10.291,0
machine_05,2024-01-06 08:00:00,53.129,2.757,9.618,0
machine_05,2024-01-06 09:00:00,56.024,2.793,9.897,0
machine_05,2024-01-06 10:00:00,57.03,2.305,10.831,0
machine_05,2024-01-06 11:00:00,51.472,2.558,10.859,0
machine_05,2024-01-06 12:00:00,59.604,2.144,10.343,0
machine_05,2024-01-06 13:00:00,56.39,2.069,9.565,0
machine_05,2024-01-06 14:00:00,57.739,2.691,10.025,0
machine_05,2024-01-06 15:00:00,55.318,2.227,10.322,0
machine_05,2024-01-06 16:00:00,58.055,2.224,8.517,0
machine_05,2024-01-06 17:00:00,58.785,2.33,9.511,1
machine_05,2024-01-06 18:00:00,58.472,2.458,9.74,0
machine_05,2024-01-06 19:00:00,56.396,2.93,10.098,0
machine_05,2024-01-06 20:00:00,58.28,2.099,10.264,0
machine_05,2024-01-06 21:00:00,55.286,1.696,8.823,0
machine_05,2024-01-06 22:00:00,57.004,2.485,9.979,0
machine_05,2024-01-06 23:00:00,53.404,2.442,10.039,1
machine_05,2024-01-07 00:00:00,55.998,1.97,10.592,0
machine_05,2024-01-07 01:00:00,60.005,2.441,10.401,0
machine_05,2024-01-07 02:00:00,55.88,2.275,9.946,0
machine_05,2024-01-07 03:00:00,54.373,2.413,9.582,0
machine_05,2024-01-07 04:00:00,55.762,2.914,9.789,0
machine_05,2024-01-07 05:00:00,53.299,2.316,9.992,0
